Tenure,Churn Rate by Tenure
0,23.002421307506054
1,22.415458937198068
2,19.1793893129771
3,21.110009910802773
4,20.525783619817997
5,20.652173913043477
6,20.2688728024819
7,17.217898832684824
8,19.21951219512195
9,21.646341463414632
10,20.612244897959183
