IsActiveMember,Churn Rate by Active Membership
0,26.850897092183956
1,14.269073966220153
