Gender,Churn Rate by Gender
Female,25.071538630860662
Male,16.455928165658786
