Attribute,Non-Churned (0),Churned (1)
Average Age,37.31150442477876,44.894348894348894
Average Balance,119427.10669616518,120361.0755896806
Average Number of Products,1.551032448377581,1.4545454545454546
Activity (IsActiveMember),0.5616519174041298,0.36363636363636365
